<?xml version="1.0" encoding="UTF-8"?>
<schemalist>
	<enum id="org.gnome.shell.extensions.tiling-assistant.restore-window-size">
		<value value="0" nick="Grab Start"/>
		<value value="1" nick="Grab End"/>
	</enum>
	<schema id="org.gnome.shell.extensions.tiling-assistant" path="/org/gnome/shell/extensions/tiling-assistant/">
		<key name="enable-tiling-popup" type="b">
			<default>true</default>
		</key>
		<key name="enable-raise-tile-group" type="b">
			<default>true</default>
		</key>
		<key name="enable-dynamic-tiling" type="b">
	  		<default>false</default>
		</key>
		<key name="tile-editing-mode-color" type="s">
	  		<default>"rgb(27, 106, 203)"</default>
		</key>
		<key name="enable-pie-menu" type="b">
	  		<default>true</default>
		</key>
		<key name="pie-menu-deadzone-radius" type="i">
	  		<default>50</default>
		</key>
		<key name="pie-menu-item-radius" type="i">
	  		<default>30</default>
		</key>
		<key name="pie-menu-options" type="as">
			<default><![CDATA[['0','4','2','3']]]></default>
		</key>
		<key name="window-gap" type="i">
			<default>0</default>
		</key>
		<key name="maximize-with-gap" type="b">
	  		<default>false</default>
		</key>
		<key name="restore-window-size-on" enum="org.gnome.shell.extensions.tiling-assistant.restore-window-size">
			<default>"Grab Start"</default>
		</key>
		<key name="enable-hold-maximize-inverse-landscape" type="b">
			<default>false</default>
		</key>
		<key name="enable-hold-maximize-inverse-portrait" type="b">
			<default>false</default>
		</key>
		<key name="auto-tile" type="as">
			<default>[]</default>
		</key>
		<key name="tile-edit-mode" type="as">
			<default>[]</default>
		</key>
		<key name="layouts-overview" type="as">
			<default>[]</default>
		</key>
		<key name="tile-maximize" type="as">
			<default><![CDATA[['<Super>KP_5']]]></default>
		</key>
		<key name="tile-top-half" type="as">
			<default><![CDATA[['<Super>KP_8']]]></default>
		</key>
		<key name="tile-right-half" type="as">
			<default><![CDATA[['<Super>KP_6']]]></default>
		</key>
		<key name="tile-left-half" type="as">
			<default><![CDATA[['<Super>KP_4']]]></default>
		</key>
		<key name="tile-bottom-half" type="as">
			<default><![CDATA[['<Super>KP_2']]]></default>
		</key>
		<key name="tile-topleft-quarter" type="as">
			<default><![CDATA[['<Super>KP_7']]]></default>
		</key>
		<key name="tile-topright-quarter" type="as">
			<default><![CDATA[['<Super>KP_9']]]></default>
		</key>
		<key name="tile-bottomleft-quarter" type="as">
			<default><![CDATA[['<Super>KP_1']]]></default>
		</key>
		<key name="tile-bottomright-quarter" type="as">
			<default><![CDATA[['<Super>KP_3']]]></default>
		</key>
		<key name="toggle-tiling-popup" type="as">
			<default>[]</default>
		</key>
		<key name="enable-tile-animations" type="b">
			<default>true</default>
		</key>
		<key name="enable-untile-animations" type="b">
			<default>true</default>
		</key>
		<key name="toggle-maximize-tophalf-timer" type="i">
			<default>600</default>
		</key>
		<key name="vertical-preview-area" type="i">
			<default>15</default>
		</key>
		<key name="horizontal-preview-area" type="i">
			<default>15</default>
		</key>
		<key name="debugging-show-tiled-rects" type="as">
			<default>[]</default>
		</key>
		<key name="debugging-free-rects" type="as">
			<default>[]</default>
		</key>
		<key name="activate-layout0" type="as">
			<default>[]</default>
		</key>
		<key name="activate-layout1" type="as">
			<default>[]</default>
		</key>
		<key name="activate-layout2" type="as">
			<default>[]</default>
		</key>
		<key name="activate-layout3" type="as">
			<default>[]</default>
		</key>
		<key name="activate-layout4" type="as">
			<default>[]</default>
		</key>
		<key name="activate-layout5" type="as">
			<default>[]</default>
		</key>
		<key name="activate-layout6" type="as">
			<default>[]</default>
		</key>
		<key name="activate-layout7" type="as">
			<default>[]</default>
		</key>
		<key name="activate-layout8" type="as">
			<default>[]</default>
		</key>
		<key name="activate-layout9" type="as">
			<default>[]</default>
		</key>
		<key name="activate-layout10" type="as">
			<default>[]</default>
		</key>
		<key name="activate-layout11" type="as">
			<default>[]</default>
		</key>
		<key name="activate-layout12" type="as">
			<default>[]</default>
		</key>
		<key name="activate-layout13" type="as">
			<default>[]</default>
		</key>
		<key name="activate-layout14" type="as">
			<default>[]</default>
		</key>
		<key name="activate-layout15" type="as">
			<default>[]</default>
		</key>
		<key name="activate-layout16" type="as">
			<default>[]</default>
		</key>
		<key name="activate-layout17" type="as">
			<default>[]</default>
		</key>
		<key name="activate-layout18" type="as">
			<default>[]</default>
		</key>
		<key name="activate-layout19" type="as">
			<default>[]</default>
		</key>
		<key name="activate-layout20" type="as">
			<default>[]</default>
		</key>
		<key name="activate-layout21" type="as">
			<default>[]</default>
		</key>
		<key name="activate-layout22" type="as">
			<default>[]</default>
		</key>
		<key name="activate-layout23" type="as">
			<default>[]</default>
		</key>
		<key name="activate-layout24" type="as">
			<default>[]</default>
		</key>
		<key name="activate-layout25" type="as">
			<default>[]</default>
		</key>
		<key name="activate-layout26" type="as">
			<default>[]</default>
		</key>
		<key name="activate-layout27" type="as">
			<default>[]</default>
		</key>
		<key name="activate-layout28" type="as">
			<default>[]</default>
		</key>
		<key name="activate-layout29" type="as">
			<default>[]</default>
		</key>
	</schema>
</schemalist>
